RD_name,Start,Stop,Size,Rv,L primer,R primer
RD105,79567,83034,3467,Rv0071-Rv0074,GGAGTCGTTGAGGGTGTTCATCAGCTCAGTC,CGCCAAGGCCGCATAGTCACGGTCG
RD108,96640,99257,2617,"hycE, Rv0088-Rv0090",CGCCGCGTCTGCCGCTCTT,GACCAGGACACCGCGCAGATACG
RD110a,254000,257596,3596,"fadD4, nadR, Rv0213c",GAACTGCCGCTGATCGAAGAATGG,GGTGTCGATGCCGTGCTATGTGC
RD127,746518,747805,1287,"fabD2, Rv0650",GACTCCGATCTGGAGGAGCTG,CAGGCCGGCCAGAAAGTCCAG
RD129,769380,770002,622,"end, Rv0669c",GAAAGCCGCTCGTGGTCAGGTTG,GCTGCGGCCGGCTCCATC
RD139BWa,1153020,1156702,3683,"kdpA, kdpB, kdpC, trcS",GATCCTGATCATCCCGTTCGCGCTGTGCTT,AGGACCTCGACCTGACCGACCTGGTCAT
RD142,1332182,1335033,2851,"Rv1190, Rv1191, Rv1192, sigI",TCCGCGACGACGAACAACGAC,TCACTTCCATTTCCAGCGGCAACT
RD144BWa,1498102,1499472,1371,"dinG, Rv1330c",TGCGCCCACCTGCAGCGGTGATGAGTT,GTCACGACCGGTGTGGCCAATGCCGTT
RD149,1779264,1788512,9248,Rv1572c-Rv1586c,CATGTCACCCTGGCCCGACGGGTC,CCAGGCGATCTTCGACCACGGCACAC
RD150,1896862,1899349,2487,Rv1671-Rv1674c,TGTGGCGTGGCTCGGCAAATAG,CGGGACGGCAAACGGGTGAT
RD152,1986636,1998621,11985,"cutl, picD, Rv1754c, Rv1756c, Rv1757c, Rv1760, Rv1761c, Rv1762c, Rv1763, Rv1764, Rv1765c, wag22",CCGGGTTGAGCAATGCGGATATCAGTGGAC,TGGGATAGTTCAGGTGGCCATCGTGGGCAT
RD165,2153059,2153384,325,Rv1907c,GCCTTCGCTGCCCGTGTTCTG,GCTCGCGGGGTGCTGGTGTTT
RD166,2153074,2161125,8051,"aceAa, fadB5, furA, katG, lppC, Rv1907c, Rv1910c, Rv1913, Rv1914c",CCAGGGTTGGCAGCCGTGCGTCTTGAA,GTACTCGCTGTCGCCAAGCGCATAGAGAAGAT
RD168BWa,2190641,2194794,4154,"Rv1937, ephB, Rv1939, ribA, Rv1941, Rv1942c",TTCGTCGTGGACGCGTCGGGCAAGAACA,ACGTTGCGCTGCGCGGTAGACCTCATCAATT
RD181,2535429,2536140,711,"Rv2262c, Rv2263",CGCAACGGCCGCGGTGAACTCT,CGGGCGGCTGCGGGAACCTT
RD182a,2546463,2548424,"1,961","cyp121, Rv2274c, Rv2275",CGGTGGGGCTCTGCGTGGTC,AGGCGTTCGGGGATGCGTCTT
RD200BWa,3004381,3006631,"2,251",Rv2687c-Rv2689c,AGGTCGAATCCATAACGCCGCGCCAGCAT,CGGTAGCTGCGTGGCGCACCACGA
RD207,3120521,3127920,7399,Rv2814c-Rv2820c,GACGAGTTCGCGCTCAAAATGT,CCCCGGCGAGGAACAGAA
RD213BWa,3292399,3294517,2119,pks1,GAGGTGGCGTCACCGGTGTCGTCGATTT,ATCGAAGAGTTGGTGCTGGCCGCACCGTT
RD220BWa,3489095,3489318,224,None,TTCACCGCCGAGGTAGAGCGGCTGGTT,TGGACCGCGCCAATTCTGCAAGGCCGAAT
RD224ca,3683267,3686632,3366,"atsB, Rv3300c",GCCTCGACCATCGAGATCCT,CATCGGGGTAGCTGTGTGCT
